{
  "stride128": {
    "cache_dir": "data/cache_256_s128",
    "epochs": [
      {
        "epoch": 1,
        "train": {
          "loss": 0.015503110174294272,
          "f1": 0.0533,
          "iou": 0.0274,
          "precision": 0.0275,
          "recall": 0.828,
          "time_sec": 548.6146528720856
        },
        "val": {
          "loss": 0.20429597220832726,
          "f1": 0.4765,
          "iou": 0.3127,
          "precision": 0.3397,
          "recall": 0.7977,
          "time_sec": 85.71938490867615
        }
      },
      {
        "epoch": 2,
        "train": {
          "loss": 0.014827978692169763,
          "f1": 0.0641,
          "iou": 0.0331,
          "precision": 0.0333,
          "recall": 0.8516,
          "time_sec": 563.5943787097931
        },
        "val": {
          "loss": 0.1549802326813901,
          "f1": 0.5212,
          "iou": 0.3525,
          "precision": 0.373,
          "recall": 0.8647,
          "time_sec": 84.44663000106812
        }
      },
      {
        "epoch": 3,
        "train": {
          "loss": 0.015090741040272223,
          "f1": 0.0808,
          "iou": 0.0421,
          "precision": 0.0424,
          "recall": 0.8403,
          "time_sec": 552.1500296592712
        },
        "val": {
          "loss": 0.1591446863145903,
          "f1": 0.5298,
          "iou": 0.3603,
          "precision": 0.3795,
          "recall": 0.8773,
          "time_sec": 84.83038401603699
        }
      }
    ],
    "best_f1": 0.5298,
    "total_time_hours": 0.5331565258900325,
    "avg_epoch_minutes": 10.66313051780065,
    "n_train_batches": 15713,
    "n_val_batches": 3693
  },
  "stride192": {
    "cache_dir": "data/cache_256_s192",
    "epochs": [
      {
        "epoch": 1,
        "train": {
          "loss": 0.030292262330054644,
          "f1": 0.0692,
          "iou": 0.0358,
          "precision": 0.0363,
          "recall": 0.7539,
          "time_sec": 393.37121772766113
        },
        "val": {
          "loss": 0.29524541752227046,
          "f1": 0.3952,
          "iou": 0.2463,
          "precision": 0.2568,
          "recall": 0.8576,
          "time_sec": 52.992323875427246
        }
      },
      {
        "epoch": 2,
        "train": {
          "loss": 0.029462302520683433,
          "f1": 0.0907,
          "iou": 0.0475,
          "precision": 0.0479,
          "recall": 0.8595,
          "time_sec": 316.9527623653412
        },
        "val": {
          "loss": 0.28955495518863583,
          "f1": 0.3954,
          "iou": 0.2464,
          "precision": 0.2548,
          "recall": 0.8826,
          "time_sec": 50.21216678619385
        }
      },
      {
        "epoch": 3,
        "train": {
          "loss": 0.028708156250771315,
          "f1": 0.0834,
          "iou": 0.0435,
          "precision": 0.0438,
          "recall": 0.868,
          "time_sec": 332.42802119255066
        },
        "val": {
          "loss": 0.2683959945941427,
          "f1": 0.3994,
          "iou": 0.2495,
          "precision": 0.2597,
          "recall": 0.8643,
          "time_sec": 57.148420333862305
        }
      }
    ],
    "best_f1": 0.3994,
    "total_time_hours": 0.3341972037818697,
    "avg_epoch_minutes": 6.683944075637394,
    "n_train_batches": 8017,
    "n_val_batches": 1884
  },
  "stride256": {
    "cache_dir": "data/cache_256",
    "epochs": [
      {
        "epoch": 1,
        "train": {
          "loss": 0.016086164335350425,
          "f1": 0.0405,
          "iou": 0.0207,
          "precision": 0.0207,
          "recall": 0.9321,
          "time_sec": 363.0428819656372
        },
        "val": {
          "loss": 0.2153647519888156,
          "f1": 0.4424,
          "iou": 0.284,
          "precision": 0.3056,
          "recall": 0.8009,
          "time_sec": 61.62769913673401
        }
      },
      {
        "epoch": 2,
        "train": {
          "loss": 0.01634493625769667,
          "f1": 0.0673,
          "iou": 0.0348,
          "precision": 0.0349,
          "recall": 0.8967,
          "time_sec": 345.3610665798187
        },
        "val": {
          "loss": 0.13905239663665095,
          "f1": 0.4694,
          "iou": 0.3067,
          "precision": 0.3191,
          "recall": 0.8874,
          "time_sec": 52.74591827392578
        }
      },
      {
        "epoch": 3,
        "train": {
          "loss": 0.015649310842278635,
          "f1": 0.077,
          "iou": 0.04,
          "precision": 0.0403,
          "recall": 0.8723,
          "time_sec": 337.93661427497864
        },
        "val": {
          "loss": 0.15322444172948801,
          "f1": 0.4996,
          "iou": 0.333,
          "precision": 0.3508,
          "recall": 0.8675,
          "time_sec": 52.67446708679199
        }
      }
    ],
    "best_f1": 0.4996,
    "total_time_hours": 0.33705351478523676,
    "avg_epoch_minutes": 6.741070295704735,
    "n_train_batches": 15727,
    "n_val_batches": 3693
  }
}