{
  "train_loss": [
    0.7116278726503503,
    0.6832182773352502,
    0.8170645389011306,
    0.8550860062560233,
    0.7426326600496538,
    0.6794325662097197,
    0.6703214929107442,
    0.6275807334631733,
    0.606010154647006
  ],
  "val_loss": [
    0.5730386740700114,
    0.5203681536793983,
    0.7267193493372808,
    0.6897203218643315,
    0.4262280464215187,
    0.5665324206498136,
    0.5543838519760741,
    0.7256431026563356,
    0.47874847364318046
  ],
  "train_f1": [
    0.1618,
    0.2706,
    0.3112,
    0.3458,
    0.3699,
    0.3922,
    0.4077,
    0.4216,
    0.4351
  ],
  "val_f1": [
    0.2371,
    0.2911,
    0.4086,
    0.4267,
    0.3156,
    0.4017,
    0.3959,
    0.4264,
    0.4252
  ],
  "train_iou": [
    0.088,
    0.1565,
    0.1843,
    0.2091,
    0.2269,
    0.2439,
    0.256,
    0.2671,
    0.2781
  ],
  "val_iou": [
    0.1345,
    0.1704,
    0.2567,
    0.2712,
    0.1874,
    0.2513,
    0.2468,
    0.271,
    0.27
  ]
}